-- MySQL dump 10.13  Distrib 5.1.58, for debian-linux-gnu (i686)
--
-- Host: localhost    Database: recipes
-- ------------------------------------------------------
-- Server version	5.1.58-1ubuntu1

/*!40101 SET @OLD_CHARACTER_SET_CLIENT=@@CHARACTER_SET_CLIENT */;
/*!40101 SET @OLD_CHARACTER_SET_RESULTS=@@CHARACTER_SET_RESULTS */;
/*!40101 SET @OLD_COLLATION_CONNECTION=@@COLLATION_CONNECTION */;
/*!40101 SET NAMES utf8 */;
/*!40103 SET @OLD_TIME_ZONE=@@TIME_ZONE */;
/*!40103 SET TIME_ZONE='+00:00' */;
/*!40014 SET @OLD_UNIQUE_CHECKS=@@UNIQUE_CHECKS, UNIQUE_CHECKS=0 */;
/*!40014 SET @OLD_FOREIGN_KEY_CHECKS=@@FOREIGN_KEY_CHECKS, FOREIGN_KEY_CHECKS=0 */;
/*!40101 SET @OLD_SQL_MODE=@@SQL_MODE, SQL_MODE='NO_AUTO_VALUE_ON_ZERO' */;
/*!40111 SET @OLD_SQL_NOTES=@@SQL_NOTES, SQL_NOTES=0 */;

--
-- Table structure for table `categories`
--
create database bollocks;
use bollocks;
DROP TABLE IF EXISTS `categories`;
/*!40101 SET @saved_cs_client     = @@character_set_client */;
/*!40101 SET character_set_client = utf8 */;
CREATE TABLE `categories` (
  `id` int(11) NOT NULL AUTO_INCREMENT,
  `name` varchar(255) NOT NULL,
  PRIMARY KEY (`id`)
) ENGINE=InnoDB AUTO_INCREMENT=4 DEFAULT CHARSET=latin1;
/*!40101 SET character_set_client = @saved_cs_client */;

--
-- Dumping data for table `categories`
--

LOCK TABLES `categories` WRITE;
/*!40000 ALTER TABLE `categories` DISABLE KEYS */;
INSERT INTO `categories` VALUES (2,'Main'),(3,'Pudding');
/*!40000 ALTER TABLE `categories` ENABLE KEYS */;
UNLOCK TABLES;

--
-- Table structure for table `chefs`
--

DROP TABLE IF EXISTS `chefs`;
/*!40101 SET @saved_cs_client     = @@character_set_client */;
/*!40101 SET character_set_client = utf8 */;
CREATE TABLE `chefs` (
  `id` int(11) NOT NULL AUTO_INCREMENT,
  `name` varchar(255) DEFAULT NULL,
  PRIMARY KEY (`id`)
) ENGINE=InnoDB AUTO_INCREMENT=2 DEFAULT CHARSET=latin1;
/*!40101 SET character_set_client = @saved_cs_client */;

--
-- Dumping data for table `chefs`
--

LOCK TABLES `chefs` WRITE;
/*!40000 ALTER TABLE `chefs` DISABLE KEYS */;
INSERT INTO `chefs` VALUES (1,'Lorna');
/*!40000 ALTER TABLE `chefs` ENABLE KEYS */;
UNLOCK TABLES;

--
-- Table structure for table `ingredients`
--

DROP TABLE IF EXISTS `ingredients`;
/*!40101 SET @saved_cs_client     = @@character_set_client */;
/*!40101 SET character_set_client = utf8 */;
CREATE TABLE `ingredients` (
  `id` int(11) NOT NULL AUTO_INCREMENT,
  `item` varchar(400) NOT NULL,
  PRIMARY KEY (`id`)
) ENGINE=InnoDB AUTO_INCREMENT=9 DEFAULT CHARSET=latin1;
/*!40101 SET character_set_client = @saved_cs_client */;

--
-- Dumping data for table `ingredients`
--

LOCK TABLES `ingredients` WRITE;
/*!40000 ALTER TABLE `ingredients` DISABLE KEYS */;
INSERT INTO `ingredients` VALUES (1,'apple'),(2,'banana'),(3,'kiwi fruit'),(4,'strawberries'),(5,'flour'),(6,'fruit juice'),(7,'butter'),(8,'sugar');
/*!40000 ALTER TABLE `ingredients` ENABLE KEYS */;
UNLOCK TABLES;

--
-- Table structure for table `recipe_ingredients`
--

DROP TABLE IF EXISTS `recipe_ingredients`;
/*!40101 SET @saved_cs_client     = @@character_set_client */;
/*!40101 SET character_set_client = utf8 */;
CREATE TABLE `recipe_ingredients` (
  `recipe_id` int(11) NOT NULL,
  `ingredient_id` int(11) NOT NULL
) ENGINE=InnoDB DEFAULT CHARSET=latin1;
/*!40101 SET character_set_client = @saved_cs_client */;

--
-- Dumping data for table `recipe_ingredients`
--

LOCK TABLES `recipe_ingredients` WRITE;
/*!40000 ALTER TABLE `recipe_ingredients` DISABLE KEYS */;
INSERT INTO `recipe_ingredients` VALUES (1,1),(1,5),(1,7),(1,8),(2,6),(2,2),(2,1),(2,3),(2,4);
/*!40000 ALTER TABLE `recipe_ingredients` ENABLE KEYS */;
UNLOCK TABLES;

--
-- Table structure for table `recipes`
--

DROP TABLE IF EXISTS `recipes`;
/*!40101 SET @saved_cs_client     = @@character_set_client */;
/*!40101 SET character_set_client = utf8 */;
CREATE TABLE `recipes` (
  `id` int(11) NOT NULL AUTO_INCREMENT,
  `name` varchar(400) NOT NULL,
  `description` text,
  `category_id` int(11) DEFAULT NULL,
  `chef_id` int(255) NOT NULL,
  `created` datetime DEFAULT NULL,
  PRIMARY KEY (`id`),
  KEY `idx_name` (`name`),
  KEY `idx_category_id` (`category_id`),
  KEY `chef_id` (`chef_id`),
  CONSTRAINT `recipes_ibfk_1` FOREIGN KEY (`category_id`) REFERENCES `categories` (`id`) ON DELETE CASCADE ON UPDATE CASCADE,
  CONSTRAINT `recipes_ibfk_2` FOREIGN KEY (`chef_id`) REFERENCES `chefs` (`id`)
) ENGINE=InnoDB AUTO_INCREMENT=6 DEFAULT CHARSET=latin1;
/*!40101 SET character_set_client = @saved_cs_client */;

--
-- Dumping data for table `recipes`
--

LOCK TABLES `recipes` WRITE;
/*!40000 ALTER TABLE `recipes` DISABLE KEYS */;
INSERT INTO `recipes` VALUES (1,'Apple Crumble','Traditional pudding with crunchy crumble layered over sweet fruit and baked',3,1,'2011-06-27 12:28:42'),(2,'Fruit Salad','Combination of in-season fruits, covered with fruit juice and served chilled',3,1,'2011-06-27 12:28:42'),(3,'Weekday Risotto','Creamy rice-based dish, boosted by in-season ingredients.  Otherwise known as \'raid-the-fridge risotto\'',2,1,'2011-06-28 08:48:13'),(4,'Beans Chili','Vegetarian version of the popular spicy stew, containing mostly beans and vegetables',2,1,'2011-06-28 08:59:16'),(5,'Chicken Casserole','Family recipe for a tasty, comforting casserole with chicken, tomato and carrots',2,1,'2011-06-28 08:59:16');
/*!40000 ALTER TABLE `recipes` ENABLE KEYS */;
UNLOCK TABLES;
/*!40103 SET TIME_ZONE=@OLD_TIME_ZONE */;

/*!40101 SET SQL_MODE=@OLD_SQL_MODE */;
/*!40014 SET FOREIGN_KEY_CHECKS=@OLD_FOREIGN_KEY_CHECKS */;
/*!40014 SET UNIQUE_CHECKS=@OLD_UNIQUE_CHECKS */;
/*!40101 SET CHARACTER_SET_CLIENT=@OLD_CHARACTER_SET_CLIENT */;
/*!40101 SET CHARACTER_SET_RESULTS=@OLD_CHARACTER_SET_RESULTS */;
/*!40101 SET COLLATION_CONNECTION=@OLD_COLLATION_CONNECTION */;
/*!40111 SET SQL_NOTES=@OLD_SQL_NOTES */;

-- Dump completed on 2011-12-20  8:39:06
